m,mean_estimate,actual_unique,error,relative_error
8,1373,983,390,0.3967446592065107
16,1460,983,477,0.4852492370295015
32,972,983,11,0.011190233977619531
64,1021,983,38,0.038657171922685654
128,1008,983,25,0.0254323499491353
256,1032,983,49,0.04984740590030519
512,985,983,2,0.002034587995930824
