m,mean_estimate,actual_unique,error,relative_error
8,1256,909,347,0.38173817381738173
16,1342,909,433,0.47634763476347636
32,885,909,24,0.026402640264026403
64,919,909,10,0.011001100110011002
128,947,909,38,0.041804180418041806
256,950,909,41,0.045104510451045104
512,913,909,4,0.0044004400440044
