k,estimate,actual_unique,error,relative_error
8,1265.626156601215,909,356.6261566012149,0.39232800506184257
16,873.6412148742744,909,35.3587851257256,0.03889855349364753
32,943.4647417185228,909,34.46474171852276,0.03791500739111415
64,994.3795286160931,909,85.37952861609313,0.09392687416511895
128,1037.3893012979788,909,128.38930129797882,0.14124235566334303
256,907.9004566709825,909,1.0995433290174788,0.0012096186237816047
512,902.3677130755813,909,6.632286924418736,0.007296245241384748
