k,estimate number unique words,real number unique words,error,relative error
8,2027.8901888331475,1000,1027.8901888331475,1.0278901888331475
16,1419.5661050194176,1000,419.5661050194176,0.4195661050194176
32,1100.5534055768812,1000,100.55340557688123,0.10055340557688124
64,1274.6244275466438,1000,274.6244275466438,0.2746244275466438
128,1037.3893012979788,1000,37.38930129797882,0.037389301297978815
256,966.4017082652827,1000,33.59829173471735,0.03359829173471735
512,994.9436600798327,1000,5.056339920167261,0.005056339920167261
