k,estimate,actual_unique,error,relative_error
8,701.8875323800338,1000,298.1124676199662,0.2981124676199662
16,773.7686886083538,1000,226.23131139164616,0.22623131139164615
32,737.3700242414365,1000,262.62997575856355,0.26262997575856356
64,864.7415486930372,1000,135.2584513069628,0.1352584513069628
128,922.9832430052866,1000,77.01675699471343,0.07701675699471343
256,1000.9482062701092,1000,0.9482062701091536,0.0009482062701091536
512,996.8888625409261,1000,3.111137459073916,0.003111137459073916
