k,estimate,actual_unique,error,relative_error
8,242.50794631198394,983,740.4920536880161,0.7532981217579003
16,685.3002916392338,983,297.6997083607662,0.30284812651146104
32,760.4440874989814,983,222.5559125010186,0.22640479399900165
64,717.7662373630917,983,265.2337626369083,0.26982071478830955
128,982.3361840918526,983,0.6638159081473987,0.0006752959391123079
256,1008.7912151479254,983,25.791215147925413,0.026237248370219138
512,994.9436600798327,983,11.943660079832739,0.01215021371295294
